Type,Algorithm,Time,Comparisons
RANDOM_100,std::sort,0.0727746,774
RANDOM_100,MergeSort LCP,0.194042,1143
RANDOM_100,Ternary QuickSort,0.0498416,608
RANDOM_100,MSD Radix,0.195975,0
RANDOM_100,MSD Sort,0.0443666,608
RANDOM_100,MSD Radix + Quick,0.0379916,50
REVERSED_100,std::sort,0.0208166,305
REVERSED_100,MergeSort LCP,0.16795,764
REVERSED_100,Ternary QuickSort,0.15905,2985
REVERSED_100,MSD Radix,0.182658,0
REVERSED_100,MSD Sort,0.155316,2985
REVERSED_100,MSD Radix + Quick,0.036383,58
ALMOST_100,std::sort,0.03195,455
ALMOST_100,MergeSort LCP,0.170758,997
ALMOST_100,Ternary QuickSort,0.0584584,971
ALMOST_100,MSD Radix,0.182375,0
ALMOST_100,MSD Sort,0.0584166,971
ALMOST_100,MSD Radix + Quick,0.0345084,53
WITHPREFIX_100,std::sort,0.0744832,783
WITHPREFIX_100,MergeSort LCP,0.336425,9215
WITHPREFIX_100,Ternary QuickSort,0.0771252,2167
WITHPREFIX_100,MSD Radix,0.448383,0
WITHPREFIX_100,MSD Sort,0.0757582,2167
WITHPREFIX_100,MSD Radix + Quick,0.302509,56
RANDOM_200,std::sort,0.135942,1662
RANDOM_200,MergeSort LCP,0.375725,2763
RANDOM_200,Ternary QuickSort,0.0920334,1554
RANDOM_200,MSD Radix,0.423917,0
RANDOM_200,MSD Sort,0.0893832,1554
RANDOM_200,MSD Radix + Quick,0.0621832,185
REVERSED_200,std::sort,0.03485,611
REVERSED_200,MergeSort LCP,0.32655,1803
REVERSED_200,Ternary QuickSort,0.310167,7062
REVERSED_200,MSD Radix,0.396517,0
REVERSED_200,MSD Sort,0.304883,7062
REVERSED_200,MSD Radix + Quick,0.0658336,241
ALMOST_200,std::sort,0.0544752,977
ALMOST_200,MergeSort LCP,0.324267,2273
ALMOST_200,Ternary QuickSort,0.13735,2834
ALMOST_200,MSD Radix,0.380434,0
ALMOST_200,MSD Sort,0.131508,2834
ALMOST_200,MSD Radix + Quick,0.060058,201
WITHPREFIX_200,std::sort,0.128858,1746
WITHPREFIX_200,MergeSort LCP,0.6995,22134
WITHPREFIX_200,Ternary QuickSort,0.186158,4453
WITHPREFIX_200,MSD Radix,0.916367,0
WITHPREFIX_200,MSD Sort,0.167058,4453
WITHPREFIX_200,MSD Radix + Quick,0.480258,210
RANDOM_300,std::sort,0.24005,2884
RANDOM_300,MergeSort LCP,1.53273,4604
RANDOM_300,Ternary QuickSort,0.440658,2727
RANDOM_300,MSD Radix,0.817133,0
RANDOM_300,MSD Sort,0.145883,2727
RANDOM_300,MSD Radix + Quick,0.0923164,396
REVERSED_300,std::sort,0.0468166,921
REVERSED_300,MergeSort LCP,0.544817,2978
REVERSED_300,Ternary QuickSort,0.533917,11276
REVERSED_300,MSD Radix,0.520442,0
REVERSED_300,MSD Sort,0.4696,11276
REVERSED_300,MSD Radix + Quick,0.101267,583
ALMOST_300,std::sort,0.0872998,1603
ALMOST_300,MergeSort LCP,0.4706,3532
ALMOST_300,Ternary QuickSort,0.173125,3523
ALMOST_300,MSD Radix,0.4295,0
ALMOST_300,MSD Sort,0.171175,3523
ALMOST_300,MSD Radix + Quick,0.0894,438
WITHPREFIX_300,std::sort,0.2248,2692
WITHPREFIX_300,MergeSort LCP,1.04348,36195
WITHPREFIX_300,Ternary QuickSort,0.180067,6633
WITHPREFIX_300,MSD Radix,0.928917,0
WITHPREFIX_300,MSD Sort,0.187583,6633
WITHPREFIX_300,MSD Radix + Quick,0.574217,434
RANDOM_400,std::sort,0.291192,3953
RANDOM_400,MergeSort LCP,0.74835,6632
RANDOM_400,Ternary QuickSort,0.189033,3373
RANDOM_400,MSD Radix,0.53855,0
RANDOM_400,MSD Sort,0.163433,3373
RANDOM_400,MSD Radix + Quick,0.113066,655
REVERSED_400,std::sort,0.0568586,1221
REVERSED_400,MergeSort LCP,0.634467,4259
REVERSED_400,Ternary QuickSort,0.6263,15981
REVERSED_400,MSD Radix,0.491075,0
REVERSED_400,MSD Sort,0.628075,15981
REVERSED_400,MSD Radix + Quick,0.26865,1040
ALMOST_400,std::sort,0.145208,2395
ALMOST_400,MergeSort LCP,0.707925,5048
ALMOST_400,Ternary QuickSort,0.262167,5658
ALMOST_400,MSD Radix,0.654342,0
ALMOST_400,MSD Sort,0.262284,5658
ALMOST_400,MSD Radix + Quick,0.118467,763
WITHPREFIX_400,std::sort,0.277392,3853
WITHPREFIX_400,MergeSort LCP,1.45099,50900
WITHPREFIX_400,Ternary QuickSort,0.257008,8994
WITHPREFIX_400,MSD Radix,1.1854,0
WITHPREFIX_400,MSD Sort,0.256158,8994
WITHPREFIX_400,MSD Radix + Quick,0.736425,725
RANDOM_500,std::sort,0.334542,5067
RANDOM_500,MergeSort LCP,0.937567,8677
RANDOM_500,Ternary QuickSort,0.2162,4408
RANDOM_500,MSD Radix,0.517234,0
RANDOM_500,MSD Sort,0.205075,4408
RANDOM_500,MSD Radix + Quick,0.143258,978
REVERSED_500,std::sort,0.0707832,1521
REVERSED_500,MergeSort LCP,0.753583,5342
REVERSED_500,Ternary QuickSort,0.750842,19787
REVERSED_500,MSD Radix,0.534392,0
REVERSED_500,MSD Sort,0.7642,19787
REVERSED_500,MSD Radix + Quick,0.170866,1613
ALMOST_500,std::sort,0.134025,2910
ALMOST_500,MergeSort LCP,0.8322,7108
ALMOST_500,Ternary QuickSort,0.463517,10619
ALMOST_500,MSD Radix,0.532217,0
ALMOST_500,MSD Sort,0.442483,10619
ALMOST_500,MSD Radix + Quick,0.144225,1118
WITHPREFIX_500,std::sort,0.330517,4986
WITHPREFIX_500,MergeSort LCP,1.83163,66255
WITHPREFIX_500,Ternary QuickSort,0.327767,11712
WITHPREFIX_500,MSD Radix,1.32125,0
WITHPREFIX_500,MSD Sort,0.32535,11712
WITHPREFIX_500,MSD Radix + Quick,0.8909,962
RANDOM_600,std::sort,0.422592,6586
RANDOM_600,MergeSort LCP,1.11112,10910
RANDOM_600,Ternary QuickSort,0.250208,5336
RANDOM_600,MSD Radix,0.627292,0
RANDOM_600,MSD Sort,0.2595,5336
RANDOM_600,MSD Radix + Quick,0.177934,1326
REVERSED_600,std::sort,0.0895666,1821
REVERSED_600,MergeSort LCP,0.968725,6949
REVERSED_600,Ternary QuickSort,0.941166,23982
REVERSED_600,MSD Radix,0.613575,0
REVERSED_600,MSD Sort,0.921166,23982
REVERSED_600,MSD Radix + Quick,0.213125,2293
ALMOST_600,std::sort,0.155975,3490
ALMOST_600,MergeSort LCP,0.988058,8132
ALMOST_600,Ternary QuickSort,0.44545,10903
ALMOST_600,MSD Radix,0.611833,0
ALMOST_600,MSD Sort,0.447092,10903
ALMOST_600,MSD Radix + Quick,0.179067,1496
WITHPREFIX_600,std::sort,0.42995,6355
WITHPREFIX_600,MergeSort LCP,2.25486,82977
WITHPREFIX_600,Ternary QuickSort,0.409217,14410
WITHPREFIX_600,MSD Radix,1.50642,0
WITHPREFIX_600,MSD Sort,0.404942,14410
WITHPREFIX_600,MSD Radix + Quick,1.06243,1316
RANDOM_700,std::sort,0.493508,7780
RANDOM_700,MergeSort LCP,1.33962,13182
RANDOM_700,Ternary QuickSort,0.319458,6959
RANDOM_700,MSD Radix,0.670258,0
RANDOM_700,MSD Sort,0.323958,6959
RANDOM_700,MSD Radix + Quick,0.208308,1726
REVERSED_700,std::sort,0.0988834,2121
REVERSED_700,MergeSort LCP,1.11912,8411
REVERSED_700,Ternary QuickSort,1.07148,27825
REVERSED_700,MSD Radix,0.664708,0
REVERSED_700,MSD Sort,1.06828,27825
REVERSED_700,MSD Radix + Quick,0.265717,3114
ALMOST_700,std::sort,0.181166,4029
ALMOST_700,MergeSort LCP,1.18634,9950
ALMOST_700,Ternary QuickSort,0.652775,16443
ALMOST_700,MSD Radix,0.670017,0
ALMOST_700,MSD Sort,0.655333,16443
ALMOST_700,MSD Radix + Quick,0.218791,1979
WITHPREFIX_700,std::sort,0.504833,7445
WITHPREFIX_700,MergeSort LCP,2.71635,99027
WITHPREFIX_700,Ternary QuickSort,0.452933,16381
WITHPREFIX_700,MSD Radix,1.68569,0
WITHPREFIX_700,MSD Sort,0.464258,16381
WITHPREFIX_700,MSD Radix + Quick,1.24023,1715
RANDOM_800,std::sort,0.581275,9108
RANDOM_800,MergeSort LCP,1.5526,15550
RANDOM_800,Ternary QuickSort,0.406217,7789
RANDOM_800,MSD Radix,0.82745,0
RANDOM_800,MSD Sort,0.350025,7789
RANDOM_800,MSD Radix + Quick,0.232517,2092
REVERSED_800,std::sort,0.127458,2421
REVERSED_800,MergeSort LCP,1.35786,9809
REVERSED_800,Ternary QuickSort,1.24252,32096
REVERSED_800,MSD Radix,0.763017,0
REVERSED_800,MSD Sort,1.24731,32096
REVERSED_800,MSD Radix + Quick,0.309058,4033
ALMOST_800,std::sort,0.1776,4244
ALMOST_800,MergeSort LCP,1.39472,11811
ALMOST_800,Ternary QuickSort,0.7849,19879
ALMOST_800,MSD Radix,0.787733,0
ALMOST_800,MSD Sort,0.792916,19879
ALMOST_800,MSD Radix + Quick,0.261883,2463
WITHPREFIX_800,std::sort,0.580375,8617
WITHPREFIX_800,MergeSort LCP,3.24682,116245
WITHPREFIX_800,Ternary QuickSort,0.523775,18753
WITHPREFIX_800,MSD Radix,1.90987,0
WITHPREFIX_800,MSD Sort,0.528125,18753
WITHPREFIX_800,MSD Radix + Quick,1.42804,2065
RANDOM_900,std::sort,0.646075,9950
RANDOM_900,MergeSort LCP,1.82602,17864
RANDOM_900,Ternary QuickSort,0.455608,9641
RANDOM_900,MSD Radix,0.8848,0
RANDOM_900,MSD Sort,0.455959,9641
RANDOM_900,MSD Radix + Quick,0.285284,2530
REVERSED_900,std::sort,0.146242,2721
REVERSED_900,MergeSort LCP,1.49721,11114
REVERSED_900,Ternary QuickSort,1.44357,36654
REVERSED_900,MSD Radix,0.870733,0
REVERSED_900,MSD Sort,1.39294,36654
REVERSED_900,MSD Radix + Quick,0.403625,5036
ALMOST_900,std::sort,0.235075,5315
ALMOST_900,MergeSort LCP,1.59293,13743
ALMOST_900,Ternary QuickSort,0.775967,19034
ALMOST_900,MSD Radix,0.852992,0
ALMOST_900,MSD Sort,0.782433,19034
ALMOST_900,MSD Radix + Quick,0.296042,2994
WITHPREFIX_900,std::sort,0.696517,10191
WITHPREFIX_900,MergeSort LCP,3.65311,133470
WITHPREFIX_900,Ternary QuickSort,0.606558,21576
WITHPREFIX_900,MSD Radix,2.18715,0
WITHPREFIX_900,MSD Sort,0.610408,21576
WITHPREFIX_900,MSD Radix + Quick,1.61453,2555
RANDOM_1000,std::sort,0.735792,11246
RANDOM_1000,MergeSort LCP,2.03274,20274
RANDOM_1000,Ternary QuickSort,0.485858,10248
RANDOM_1000,MSD Radix,0.953158,0
RANDOM_1000,MSD Sort,0.467442,10248
RANDOM_1000,MSD Radix + Quick,0.303675,2934
REVERSED_1000,std::sort,0.134117,3021
REVERSED_1000,MergeSort LCP,1.66041,12276
REVERSED_1000,Ternary QuickSort,1.59119,41087
REVERSED_1000,MSD Radix,0.9386,0
REVERSED_1000,MSD Sort,1.60047,41087
REVERSED_1000,MSD Radix + Quick,0.446017,6257
ALMOST_1000,std::sort,0.238716,5654
ALMOST_1000,MergeSort LCP,1.90789,16060
ALMOST_1000,Ternary QuickSort,1.17694,28024
ALMOST_1000,MSD Radix,0.9501,0
ALMOST_1000,MSD Sort,1.11751,28024
ALMOST_1000,MSD Radix + Quick,0.348475,3593
WITHPREFIX_1000,std::sort,0.734542,11256
WITHPREFIX_1000,MergeSort LCP,4.20016,151096
WITHPREFIX_1000,Ternary QuickSort,0.725959,24832
WITHPREFIX_1000,MSD Radix,2.39711,0
WITHPREFIX_1000,MSD Sort,0.722708,24832
WITHPREFIX_1000,MSD Radix + Quick,1.78617,2870
RANDOM_1100,std::sort,0.799408,12533
RANDOM_1100,MergeSort LCP,2.25107,22814
RANDOM_1100,Ternary QuickSort,0.522241,11341
RANDOM_1100,MSD Radix,1.00997,0
RANDOM_1100,MSD Sort,0.518417,11341
RANDOM_1100,MSD Radix + Quick,0.364967,3361
REVERSED_1100,std::sort,0.154725,3321
REVERSED_1100,MergeSort LCP,1.87248,13992
REVERSED_1100,Ternary QuickSort,1.75405,45457
REVERSED_1100,MSD Radix,1.00462,0
REVERSED_1100,MSD Sort,1.75442,45457
REVERSED_1100,MSD Radix + Quick,0.505125,7537
ALMOST_1100,std::sort,0.253092,5962
ALMOST_1100,MergeSort LCP,2.00886,16934
ALMOST_1100,Ternary QuickSort,0.97465,23263
ALMOST_1100,MSD Radix,1.02297,0
ALMOST_1100,MSD Sort,0.972392,23263
ALMOST_1100,MSD Radix + Quick,0.381233,4192
WITHPREFIX_1100,std::sort,0.848017,12564
WITHPREFIX_1100,MergeSort LCP,4.68955,168383
WITHPREFIX_1100,Ternary QuickSort,0.80485,27324
WITHPREFIX_1100,MSD Radix,2.67767,0
WITHPREFIX_1100,MSD Sort,0.792233,27324
WITHPREFIX_1100,MSD Radix + Quick,1.96554,3405
RANDOM_1200,std::sort,0.910033,14481
RANDOM_1200,MergeSort LCP,2.49484,25341
RANDOM_1200,Ternary QuickSort,0.570609,12174
RANDOM_1200,MSD Radix,1.10406,0
RANDOM_1200,MSD Sort,0.5575,12174
RANDOM_1200,MSD Radix + Quick,0.43165,3836
REVERSED_1200,std::sort,0.172825,3621
REVERSED_1200,MergeSort LCP,2.13359,15850
REVERSED_1200,Ternary QuickSort,1.92121,50397
REVERSED_1200,MSD Radix,1.14178,0
REVERSED_1200,MSD Sort,1.99003,50397
REVERSED_1200,MSD Radix + Quick,0.625108,8862
ALMOST_1200,std::sort,0.3044,6754
ALMOST_1200,MergeSort LCP,2.39094,18734
ALMOST_1200,Ternary QuickSort,1.26086,29761
ALMOST_1200,MSD Radix,1.18946,0
ALMOST_1200,MSD Sort,1.35452,29761
ALMOST_1200,MSD Radix + Quick,0.5748,4840
WITHPREFIX_1200,std::sort,1.05333,14011
WITHPREFIX_1200,MergeSort LCP,5.61777,186883
WITHPREFIX_1200,Ternary QuickSort,0.893833,30786
WITHPREFIX_1200,MSD Radix,3.00889,0
WITHPREFIX_1200,MSD Sort,0.920116,30786
WITHPREFIX_1200,MSD Radix + Quick,2.23444,3790
RANDOM_1300,std::sort,1.00028,15214
RANDOM_1300,MergeSort LCP,2.8896,27975
RANDOM_1300,Ternary QuickSort,0.660375,13710
RANDOM_1300,MSD Radix,1.28478,0
RANDOM_1300,MSD Sort,0.642517,13710
RANDOM_1300,MSD Radix + Quick,0.441092,4358
REVERSED_1300,std::sort,0.185967,3921
REVERSED_1300,MergeSort LCP,2.26485,17482
REVERSED_1300,Ternary QuickSort,2.13616,55108
REVERSED_1300,MSD Radix,1.2202,0
REVERSED_1300,MSD Sort,2.13281,55108
REVERSED_1300,MSD Radix + Quick,0.652575,10298
ALMOST_1300,std::sort,0.3375,7638
ALMOST_1300,MergeSort LCP,2.36114,19320
ALMOST_1300,Ternary QuickSort,1.50164,38349
ALMOST_1300,MSD Radix,1.19413,0
ALMOST_1300,MSD Sort,1.51418,38349
ALMOST_1300,MSD Radix + Quick,0.465766,5522
WITHPREFIX_1300,std::sort,1.03228,15419
WITHPREFIX_1300,MergeSort LCP,5.51437,204840
WITHPREFIX_1300,Ternary QuickSort,0.918567,32178
WITHPREFIX_1300,MSD Radix,3.12577,0
WITHPREFIX_1300,MSD Sort,0.9107,32178
WITHPREFIX_1300,MSD Radix + Quick,2.28826,4473
RANDOM_1400,std::sort,1.17485,17045
RANDOM_1400,MergeSort LCP,3.10668,30485
RANDOM_1400,Ternary QuickSort,0.712567,15395
RANDOM_1400,MSD Radix,1.33611,0
RANDOM_1400,MSD Sort,0.719792,15395
RANDOM_1400,MSD Radix + Quick,0.519517,4864
REVERSED_1400,std::sort,0.19495,4221
REVERSED_1400,MergeSort LCP,2.48254,19154
REVERSED_1400,Ternary QuickSort,2.27716,59615
REVERSED_1400,MSD Radix,1.32143,0
REVERSED_1400,MSD Sort,2.2639,59615
REVERSED_1400,MSD Radix + Quick,0.724675,11846
ALMOST_1400,std::sort,0.346417,8107
ALMOST_1400,MergeSort LCP,2.52902,20897
ALMOST_1400,Ternary QuickSort,1.74711,44268
ALMOST_1400,MSD Radix,1.31682,0
ALMOST_1400,MSD Sort,1.71253,44268
ALMOST_1400,MSD Radix + Quick,0.509475,6199
WITHPREFIX_1400,std::sort,1.1086,16905
WITHPREFIX_1400,MergeSort LCP,6.10356,223190
WITHPREFIX_1400,Ternary QuickSort,1.02743,35868
WITHPREFIX_1400,MSD Radix,3.28254,0
WITHPREFIX_1400,MSD Sort,1.13594,35868
WITHPREFIX_1400,MSD Radix + Quick,2.65605,4804
RANDOM_1500,std::sort,1.26609,18535
RANDOM_1500,MergeSort LCP,3.51677,33043
RANDOM_1500,Ternary QuickSort,0.746292,15887
RANDOM_1500,MSD Radix,1.48425,0
RANDOM_1500,MSD Sort,0.745409,15887
RANDOM_1500,MSD Radix + Quick,0.515892,5337
REVERSED_1500,std::sort,0.215959,4521
REVERSED_1500,MergeSort LCP,2.73782,20625
REVERSED_1500,Ternary QuickSort,2.64911,64918
REVERSED_1500,MSD Radix,1.44732,0
REVERSED_1500,MSD Sort,2.79169,64918
REVERSED_1500,MSD Radix + Quick,0.883617,13570
ALMOST_1500,std::sort,0.401675,8698
ALMOST_1500,MergeSort LCP,2.8814,22587
ALMOST_1500,Ternary QuickSort,1.91507,47584
ALMOST_1500,MSD Radix,1.41582,0
ALMOST_1500,MSD Sort,1.88243,47584
ALMOST_1500,MSD Radix + Quick,0.565708,6865
WITHPREFIX_1500,std::sort,1.23315,18561
WITHPREFIX_1500,MergeSort LCP,6.57235,241912
WITHPREFIX_1500,Ternary QuickSort,1.11659,37551
WITHPREFIX_1500,MSD Radix,3.68138,0
WITHPREFIX_1500,MSD Sort,1.0933,37551
WITHPREFIX_1500,MSD Radix + Quick,2.62532,5224
RANDOM_1600,std::sort,1.25782,19218
RANDOM_1600,MergeSort LCP,3.45928,35821
RANDOM_1600,Ternary QuickSort,0.767892,16586
RANDOM_1600,MSD Radix,1.50248,0
RANDOM_1600,MSD Sort,0.767358,16586
RANDOM_1600,MSD Radix + Quick,0.541342,5792
REVERSED_1600,std::sort,0.220842,4821
REVERSED_1600,MergeSort LCP,2.87243,22167
REVERSED_1600,Ternary QuickSort,2.80237,69837
REVERSED_1600,MSD Radix,3.63067,0
REVERSED_1600,MSD Sort,3.94977,69837
REVERSED_1600,MSD Radix + Quick,0.991934,15230
ALMOST_1600,std::sort,0.427267,9168
ALMOST_1600,MergeSort LCP,3.13367,25406
ALMOST_1600,Ternary QuickSort,2.40788,52294
ALMOST_1600,MSD Radix,1.63136,0
ALMOST_1600,MSD Sort,2.2605,52294
ALMOST_1600,MSD Radix + Quick,0.656317,7587
WITHPREFIX_1600,std::sort,1.34988,19591
WITHPREFIX_1600,MergeSort LCP,7.74317,261604
WITHPREFIX_1600,Ternary QuickSort,1.28527,40212
WITHPREFIX_1600,MSD Radix,4.16105,0
WITHPREFIX_1600,MSD Sort,1.19717,40212
WITHPREFIX_1600,MSD Radix + Quick,2.94373,5922
RANDOM_1700,std::sort,1.44215,20865
RANDOM_1700,MergeSort LCP,4.12909,38492
RANDOM_1700,Ternary QuickSort,0.8764,18316
RANDOM_1700,MSD Radix,1.72376,0
RANDOM_1700,MSD Sort,0.919283,18316
RANDOM_1700,MSD Radix + Quick,0.690067,6392
REVERSED_1700,std::sort,0.249008,5121
REVERSED_1700,MergeSort LCP,3.21198,23799
REVERSED_1700,Ternary QuickSort,3.0602,74160
REVERSED_1700,MSD Radix,1.74303,0
REVERSED_1700,MSD Sort,3.14114,74160
REVERSED_1700,MSD Radix + Quick,1.02427,17078
ALMOST_1700,std::sort,0.433483,9693
ALMOST_1700,MergeSort LCP,3.31011,28197
ALMOST_1700,Ternary QuickSort,2.35502,56258
ALMOST_1700,MSD Radix,1.7969,0
ALMOST_1700,MSD Sort,2.38107,56258
ALMOST_1700,MSD Radix + Quick,0.782908,8479
WITHPREFIX_1700,std::sort,1.44831,20741
WITHPREFIX_1700,MergeSort LCP,8.09138,279673
WITHPREFIX_1700,Ternary QuickSort,1.31515,43396
WITHPREFIX_1700,MSD Radix,4.53352,0
WITHPREFIX_1700,MSD Sort,1.31037,43396
WITHPREFIX_1700,MSD Radix + Quick,3.21315,6353
RANDOM_1800,std::sort,1.50172,22285
RANDOM_1800,MergeSort LCP,4.17498,41060
RANDOM_1800,Ternary QuickSort,0.935483,19229
RANDOM_1800,MSD Radix,1.7814,0
RANDOM_1800,MSD Sort,0.881733,19229
RANDOM_1800,MSD Radix + Quick,0.6391,6978
REVERSED_1800,std::sort,0.256275,5421
REVERSED_1800,MergeSort LCP,3.26063,25145
REVERSED_1800,Ternary QuickSort,3.05498,79418
REVERSED_1800,MSD Radix,1.73418,0
REVERSED_1800,MSD Sort,3.07927,79418
REVERSED_1800,MSD Radix + Quick,1.08952,19049
ALMOST_1800,std::sort,0.489975,10217
ALMOST_1800,MergeSort LCP,3.63629,29527
ALMOST_1800,Ternary QuickSort,3.03689,59252
ALMOST_1800,MSD Radix,9.4555,0
ALMOST_1800,MSD Sort,3.91564,59252
ALMOST_1800,MSD Radix + Quick,2.37987,9083
WITHPREFIX_1800,std::sort,2.4369,22795
WITHPREFIX_1800,MergeSort LCP,8.83768,299123
WITHPREFIX_1800,Ternary QuickSort,1.42308,45395
WITHPREFIX_1800,MSD Radix,4.85085,0
WITHPREFIX_1800,MSD Sort,1.33089,45395
WITHPREFIX_1800,MSD Radix + Quick,3.23102,6983
RANDOM_1900,std::sort,1.49967,23355
RANDOM_1900,MergeSort LCP,4.20973,43843
RANDOM_1900,Ternary QuickSort,1.00984,21756
RANDOM_1900,MSD Radix,1.9343,0
RANDOM_1900,MSD Sort,0.992075,21756
RANDOM_1900,MSD Radix + Quick,0.671292,7458
REVERSED_1900,std::sort,0.264608,5721
REVERSED_1900,MergeSort LCP,3.4665,26524
REVERSED_1900,Ternary QuickSort,3.31726,85582
REVERSED_1900,MSD Radix,1.91062,0
REVERSED_1900,MSD Sort,3.32606,85582
REVERSED_1900,MSD Radix + Quick,1.15335,20986
ALMOST_1900,std::sort,0.394683,9389
ALMOST_1900,MergeSort LCP,3.57387,30741
ALMOST_1900,Ternary QuickSort,2.53257,65019
ALMOST_1900,MSD Radix,1.90623,0
ALMOST_1900,MSD Sort,2.52973,65019
ALMOST_1900,MSD Radix + Quick,0.755425,9893
WITHPREFIX_1900,std::sort,1.63768,23809
WITHPREFIX_1900,MergeSort LCP,8.64616,318580
WITHPREFIX_1900,Ternary QuickSort,1.36581,47586
WITHPREFIX_1900,MSD Radix,4.5705,0
WITHPREFIX_1900,MSD Sort,1.39232,47586
WITHPREFIX_1900,MSD Radix + Quick,3.37524,7291
RANDOM_2000,std::sort,1.5821,24891
RANDOM_2000,MergeSort LCP,4.56432,46559
RANDOM_2000,Ternary QuickSort,1.07614,22394
RANDOM_2000,MSD Radix,2.05385,0
RANDOM_2000,MSD Sort,1.01501,22394
RANDOM_2000,MSD Radix + Quick,0.754767,8040
REVERSED_2000,std::sort,0.280992,6021
REVERSED_2000,MergeSort LCP,3.69519,27709
REVERSED_2000,Ternary QuickSort,3.58055,90566
REVERSED_2000,MSD Radix,2.17369,0
REVERSED_2000,MSD Sort,5.16397,90566
REVERSED_2000,MSD Radix + Quick,2.93614,23150
ALMOST_2000,std::sort,0.765867,11785
ALMOST_2000,MergeSort LCP,7.825,34048
ALMOST_2000,Ternary QuickSort,4.27376,70251
ALMOST_2000,MSD Radix,2.52153,0
ALMOST_2000,MSD Sort,2.87002,70251
ALMOST_2000,MSD Radix + Quick,0.856859,10657
WITHPREFIX_2000,std::sort,1.75085,25449
WITHPREFIX_2000,MergeSort LCP,9.27152,337315
WITHPREFIX_2000,Ternary QuickSort,1.48056,51091
WITHPREFIX_2000,MSD Radix,5.12086,0
WITHPREFIX_2000,MSD Sort,1.5059,51091
WITHPREFIX_2000,MSD Radix + Quick,3.71793,7968
RANDOM_2100,std::sort,1.70654,26822
RANDOM_2100,MergeSort LCP,4.64098,49360
RANDOM_2100,Ternary QuickSort,1.15181,25966
RANDOM_2100,MSD Radix,2.29622,0
RANDOM_2100,MSD Sort,1.15108,25966
RANDOM_2100,MSD Radix + Quick,0.743042,8496
REVERSED_2100,std::sort,0.300275,6321
REVERSED_2100,MergeSort LCP,4.02895,29404
REVERSED_2100,Ternary QuickSort,4.05967,95196
REVERSED_2100,MSD Radix,2.40427,0
REVERSED_2100,MSD Sort,3.70666,95196
REVERSED_2100,MSD Radix + Quick,1.40048,25255
ALMOST_2100,std::sort,0.502192,11309
ALMOST_2100,MergeSort LCP,4.25769,34636
ALMOST_2100,Ternary QuickSort,2.94948,74981
ALMOST_2100,MSD Radix,2.5248,0
ALMOST_2100,MSD Sort,2.9517,74981
ALMOST_2100,MSD Radix + Quick,0.867083,11555
WITHPREFIX_2100,std::sort,1.7181,26145
WITHPREFIX_2100,MergeSort LCP,9.63957,357474
WITHPREFIX_2100,Ternary QuickSort,1.56056,54130
WITHPREFIX_2100,MSD Radix,5.17344,0
WITHPREFIX_2100,MSD Sort,1.63834,54130
WITHPREFIX_2100,MSD Radix + Quick,3.69921,8520
RANDOM_2200,std::sort,1.76137,28258
RANDOM_2200,MergeSort LCP,4.89709,52148
RANDOM_2200,Ternary QuickSort,1.10898,24194
RANDOM_2200,MSD Radix,2.31637,0
RANDOM_2200,MSD Sort,1.10365,24194
RANDOM_2200,MSD Radix + Quick,0.794867,9125
REVERSED_2200,std::sort,0.308334,6621
REVERSED_2200,MergeSort LCP,4.01771,31548
REVERSED_2200,Ternary QuickSort,3.8819,102249
REVERSED_2200,MSD Radix,2.30387,0
REVERSED_2200,MSD Sort,3.87128,102249
REVERSED_2200,MSD Radix + Quick,1.43974,27502
ALMOST_2200,std::sort,0.5208,12522
ALMOST_2200,MergeSort LCP,4.18319,36539
ALMOST_2200,Ternary QuickSort,2.24176,56652
ALMOST_2200,MSD Radix,2.36867,0
ALMOST_2200,MSD Sort,2.29591,56652
ALMOST_2200,MSD Radix + Quick,0.915675,12363
WITHPREFIX_2200,std::sort,1.81248,27572
WITHPREFIX_2200,MergeSort LCP,10.2226,376784
WITHPREFIX_2200,Ternary QuickSort,1.63605,55553
WITHPREFIX_2200,MSD Radix,5.41293,0
WITHPREFIX_2200,MSD Sort,1.58178,55553
WITHPREFIX_2200,MSD Radix + Quick,3.85488,8971
RANDOM_2300,std::sort,1.83789,29455
RANDOM_2300,MergeSort LCP,5.1374,55052
RANDOM_2300,Ternary QuickSort,1.23303,26741
RANDOM_2300,MSD Radix,2.55827,0
RANDOM_2300,MSD Sort,1.22864,26741
RANDOM_2300,MSD Radix + Quick,0.837258,9636
REVERSED_2300,std::sort,0.314775,6921
REVERSED_2300,MergeSort LCP,4.35882,33488
REVERSED_2300,Ternary QuickSort,4.14296,106274
REVERSED_2300,MSD Radix,2.47468,0
REVERSED_2300,MSD Sort,4.02712,106274
REVERSED_2300,MSD Radix + Quick,1.54556,29815
ALMOST_2300,std::sort,0.546542,13096
ALMOST_2300,MergeSort LCP,4.47158,38891
ALMOST_2300,Ternary QuickSort,3.44267,85377
ALMOST_2300,MSD Radix,2.57227,0
ALMOST_2300,MSD Sort,3.44732,85377
ALMOST_2300,MSD Radix + Quick,1.00556,13343
WITHPREFIX_2300,std::sort,2.00082,29168
WITHPREFIX_2300,MergeSort LCP,10.7575,397053
WITHPREFIX_2300,Ternary QuickSort,1.72269,59671
WITHPREFIX_2300,MSD Radix,5.63884,0
WITHPREFIX_2300,MSD Sort,1.72123,59671
WITHPREFIX_2300,MSD Radix + Quick,4.04177,9835
RANDOM_2400,std::sort,1.91216,30663
RANDOM_2400,MergeSort LCP,5.46454,57894
RANDOM_2400,Ternary QuickSort,1.23248,27256
RANDOM_2400,MSD Radix,2.62113,0
RANDOM_2400,MSD Sort,1.23876,27256
RANDOM_2400,MSD Radix + Quick,0.871992,10261
REVERSED_2400,std::sort,0.3296,7221
REVERSED_2400,MergeSort LCP,4.47253,35484
REVERSED_2400,Ternary QuickSort,4.31736,112204
REVERSED_2400,MSD Radix,2.59421,0
REVERSED_2400,MSD Sort,4.26051,112204
REVERSED_2400,MSD Radix + Quick,1.66536,32328
ALMOST_2400,std::sort,0.540167,13005
ALMOST_2400,MergeSort LCP,4.67018,39556
ALMOST_2400,Ternary QuickSort,3.50003,90617
ALMOST_2400,MSD Radix,2.63843,0
ALMOST_2400,MSD Sort,3.59551,90617
ALMOST_2400,MSD Radix + Quick,1.00253,14155
WITHPREFIX_2400,std::sort,2.0049,30349
WITHPREFIX_2400,MergeSort LCP,11.1453,416964
WITHPREFIX_2400,Ternary QuickSort,1.79832,62563
WITHPREFIX_2400,MSD Radix,6.16046,0
WITHPREFIX_2400,MSD Sort,1.79584,62563
WITHPREFIX_2400,MSD Radix + Quick,4.22684,10394
RANDOM_2500,std::sort,2.48005,32892
RANDOM_2500,MergeSort LCP,7.76147,60816
RANDOM_2500,Ternary QuickSort,1.38179,28859
RANDOM_2500,MSD Radix,2.91377,0
RANDOM_2500,MSD Sort,1.32601,28859
RANDOM_2500,MSD Radix + Quick,0.91065,10934
REVERSED_2500,std::sort,0.360133,7521
REVERSED_2500,MergeSort LCP,4.68718,37474
REVERSED_2500,Ternary QuickSort,4.54781,118726
REVERSED_2500,MSD Radix,2.73193,0
REVERSED_2500,MSD Sort,4.48742,118726
REVERSED_2500,MSD Radix + Quick,1.82704,34904
ALMOST_2500,std::sort,0.587458,14069
ALMOST_2500,MergeSort LCP,4.88488,41225
ALMOST_2500,Ternary QuickSort,3.64987,94986
ALMOST_2500,MSD Radix,2.74961,0
ALMOST_2500,MSD Sort,3.63722,94986
ALMOST_2500,MSD Radix + Quick,1.06699,15369
WITHPREFIX_2500,std::sort,2.09057,31858
WITHPREFIX_2500,MergeSort LCP,11.6961,437983
WITHPREFIX_2500,Ternary QuickSort,1.97998,68080
WITHPREFIX_2500,MSD Radix,6.43173,0
WITHPREFIX_2500,MSD Sort,1.96448,68080
WITHPREFIX_2500,MSD Radix + Quick,4.39604,10511
RANDOM_2600,std::sort,2.08009,33085
RANDOM_2600,MergeSort LCP,5.98923,63638
RANDOM_2600,Ternary QuickSort,1.33518,29190
RANDOM_2600,MSD Radix,2.89411,0
RANDOM_2600,MSD Sort,1.33215,29190
RANDOM_2600,MSD Radix + Quick,0.955358,11468
REVERSED_2600,std::sort,0.363925,7821
REVERSED_2600,MergeSort LCP,4.88321,39293
REVERSED_2600,Ternary QuickSort,4.69462,123918
REVERSED_2600,MSD Radix,2.90387,0
REVERSED_2600,MSD Sort,4.67924,123918
REVERSED_2600,MSD Radix + Quick,1.8727,37437
ALMOST_2600,std::sort,0.579033,13869
ALMOST_2600,MergeSort LCP,5.10713,42287
ALMOST_2600,Ternary QuickSort,3.87688,100679
ALMOST_2600,MSD Radix,2.91258,0
ALMOST_2600,MSD Sort,3.85987,100679
ALMOST_2600,MSD Radix + Quick,1.11495,16155
WITHPREFIX_2600,std::sort,2.17836,33936
WITHPREFIX_2600,MergeSort LCP,12.2177,456697
WITHPREFIX_2600,Ternary QuickSort,1.98477,68486
WITHPREFIX_2600,MSD Radix,6.54202,0
WITHPREFIX_2600,MSD Sort,1.97931,68486
WITHPREFIX_2600,MSD Radix + Quick,4.58202,11640
RANDOM_2700,std::sort,2.22072,35593
RANDOM_2700,MergeSort LCP,6.19774,66532
RANDOM_2700,Ternary QuickSort,1.40694,31319
RANDOM_2700,MSD Radix,3.05854,0
RANDOM_2700,MSD Sort,1.42754,31319
RANDOM_2700,MSD Radix + Quick,0.993475,11900
REVERSED_2700,std::sort,0.3808,8121
REVERSED_2700,MergeSort LCP,5.09468,41228
REVERSED_2700,Ternary QuickSort,4.90327,129694
REVERSED_2700,MSD Radix,3.04828,0
REVERSED_2700,MSD Sort,4.94016,129694
REVERSED_2700,MSD Radix + Quick,2.07593,39993
ALMOST_2700,std::sort,0.694875,15908
ALMOST_2700,MergeSort LCP,5.44448,45979
ALMOST_2700,Ternary QuickSort,4.13952,106760
ALMOST_2700,MSD Radix,3.08213,0
ALMOST_2700,MSD Sort,4.10831,106760
ALMOST_2700,MSD Radix + Quick,1.17477,17109
WITHPREFIX_2700,std::sort,2.31947,36620
WITHPREFIX_2700,MergeSort LCP,12.7607,477098
WITHPREFIX_2700,Ternary QuickSort,2.02292,70377
WITHPREFIX_2700,MSD Radix,6.93083,0
WITHPREFIX_2700,MSD Sort,2.02318,70377
WITHPREFIX_2700,MSD Radix + Quick,4.74115,12266
RANDOM_2800,std::sort,2.28909,36559
RANDOM_2800,MergeSort LCP,6.47338,69405
RANDOM_2800,Ternary QuickSort,1.46288,32056
RANDOM_2800,MSD Radix,3.53189,0
RANDOM_2800,MSD Sort,1.52031,32056
RANDOM_2800,MSD Radix + Quick,1.03446,12498
REVERSED_2800,std::sort,0.392792,8421
REVERSED_2800,MergeSort LCP,5.35963,42776
REVERSED_2800,Ternary QuickSort,5.20206,137739
REVERSED_2800,MSD Radix,3.2166,0
REVERSED_2800,MSD Sort,5.25414,137739
REVERSED_2800,MSD Radix + Quick,2.0993,42477
ALMOST_2800,std::sort,0.618184,14905
ALMOST_2800,MergeSort LCP,6.79757,51330
ALMOST_2800,Ternary QuickSort,4.28112,110837
ALMOST_2800,MSD Radix,3.3427,0
ALMOST_2800,MSD Sort,4.25224,110837
ALMOST_2800,MSD Radix + Quick,1.22386,18041
WITHPREFIX_2800,std::sort,2.33397,35978
WITHPREFIX_2800,MergeSort LCP,13.3324,498600
WITHPREFIX_2800,Ternary QuickSort,2.17248,74416
WITHPREFIX_2800,MSD Radix,7.07913,0
WITHPREFIX_2800,MSD Sort,2.14525,74416
WITHPREFIX_2800,MSD Radix + Quick,4.89895,12545
RANDOM_2900,std::sort,2.3586,37513
RANDOM_2900,MergeSort LCP,6.74433,72455
RANDOM_2900,Ternary QuickSort,1.57902,35205
RANDOM_2900,MSD Radix,3.40337,0
RANDOM_2900,MSD Sort,1.5745,35205
RANDOM_2900,MSD Radix + Quick,1.08643,13256
REVERSED_2900,std::sort,0.41075,8721
REVERSED_2900,MergeSort LCP,5.54157,44698
REVERSED_2900,Ternary QuickSort,5.36784,141108
REVERSED_2900,MSD Radix,3.43652,0
REVERSED_2900,MSD Sort,5.41203,141108
REVERSED_2900,MSD Radix + Quick,2.23635,45149
ALMOST_2900,std::sort,0.679325,16519
ALMOST_2900,MergeSort LCP,5.78157,50524
ALMOST_2900,Ternary QuickSort,4.57194,119039
ALMOST_2900,MSD Radix,3.4117,0
ALMOST_2900,MSD Sort,4.55794,119039
ALMOST_2900,MSD Radix + Quick,1.27596,19063
WITHPREFIX_2900,std::sort,2.59018,37077
WITHPREFIX_2900,MergeSort LCP,17.6823,517621
WITHPREFIX_2900,Ternary QuickSort,3.22404,75087
WITHPREFIX_2900,MSD Radix,10.5544,0
WITHPREFIX_2900,MSD Sort,2.20869,75087
WITHPREFIX_2900,MSD Radix + Quick,5.11738,13175
RANDOM_3000,std::sort,2.46195,39366
RANDOM_3000,MergeSort LCP,7.00774,75237
RANDOM_3000,Ternary QuickSort,1.61142,35565
RANDOM_3000,MSD Radix,3.72787,0
RANDOM_3000,MSD Sort,1.63334,35565
RANDOM_3000,MSD Radix + Quick,1.14887,13837
REVERSED_3000,std::sort,0.41775,9021
REVERSED_3000,MergeSort LCP,5.85531,46251
REVERSED_3000,Ternary QuickSort,5.63418,147454
REVERSED_3000,MSD Radix,3.63861,0
REVERSED_3000,MSD Sort,5.81974,147454
REVERSED_3000,MSD Radix + Quick,2.43282,47914
ALMOST_3000,std::sort,0.736709,16797
ALMOST_3000,MergeSort LCP,6.22672,54144
ALMOST_3000,Ternary QuickSort,5.03687,124362
ALMOST_3000,MSD Radix,3.6661,0
ALMOST_3000,MSD Sort,4.78055,124362
ALMOST_3000,MSD Radix + Quick,1.33122,20042
WITHPREFIX_3000,std::sort,2.54628,39236
WITHPREFIX_3000,MergeSort LCP,14.3788,538621
WITHPREFIX_3000,Ternary QuickSort,2.27831,79142
WITHPREFIX_3000,MSD Radix,7.76208,0
WITHPREFIX_3000,MSD Sort,2.28595,79142
WITHPREFIX_3000,MSD Radix + Quick,5.28588,14037
